<!-- https://www.playframework.com/documentation/latest/SettingsLogger -->
<configuration>

  <conversionRule conversionWord="coloredLevel" converterClass="play.api.libs.logback.ColoredLevel" />

   <appender name="FILE" class="ch.qos.logback.core.rolling.RollingFileAppender">
    <file>logs/rpn.log</file>
    <rollingPolicy class="ch.qos.logback.core.rolling.TimeBasedRollingPolicy"> 
        <fileNamePattern>logs/backup/rpn.%d{yyyy-MM-dd}_%i.log.gz</fileNamePattern>
        <timeBasedFileNamingAndTriggeringPolicy  class="ch.qos.logback.core.rolling.SizeAndTimeBasedFNATP">
        	<maxFileSize>50MB</maxFileSize>
     	</timeBasedFileNamingAndTriggeringPolicy>
        <maxHistory>30</maxHistory>
    </rollingPolicy>
    <encoder>
      <pattern>%date [%level] %logger{10} in [%.-10thread] - %message%n%xException</pattern>
    </encoder>
  </appender>

  <appender name="STDOUT" class="ch.qos.logback.core.ConsoleAppender">
    <encoder>
      <pattern>%coloredLevel %logger{15} - %message%n%xException{10}</pattern>
    </encoder>
  </appender>

  <appender name="ASYNCFILE" class="ch.qos.logback.classic.AsyncAppender">
    <appender-ref ref="FILE" />
  </appender>

  <appender name="ASYNCSTDOUT" class="ch.qos.logback.classic.AsyncAppender">
    <appender-ref ref="STDOUT" />
  </appender>

  <logger name="play" level="WARN" />
  <logger name="application" level="WARN" />

  <!-- Off these ones as they are annoying, and anyway we manage configuration ourselves -->
  <logger name="com.avaje.ebean.config.PropertyMapLoader" level="OFF" />
  <logger name="com.avaje.ebeaninternal.server.core.XmlConfigLoader" level="OFF" />
  <logger name="com.avaje.ebeaninternal.server.lib.BackgroundThread" level="OFF" />
  <logger name="com.gargoylesoftware.htmlunit.javascript" level="OFF" />
  
   <logger name="app" level="DEBUG"></logger>

  <root level="INFO">
    <appender-ref ref="ASYNCFILE" />
    <appender-ref ref="ASYNCSTDOUT" />
  </root>

</configuration>
